{"cameraMode":{"drawMode":0,"name":"Shaded","section":"Shading Mode"},"sceneLighting":true,"audioPlay":false,"sceneViewState":{"showFog":true,"showMaterialUpdate":false,"showSkybox":true,"showFlares":true,"showImageEffects":true,"showParticleSystems":true,"showVisualEffectGraphs":true,"m_FxEnabled":true},"in2DMode":false,"pivot":{"x":-0.01399993896484375,"y":0.9726467132568359,"z":-9.656000137329102},"rotation":{"x":-0.06509383767843247,"y":0.3908277153968811,"z":-0.027720576152205468,"w":-0.9177417755126953},"size":0.30425745248794558,"orthographic":false}